Time,Axis,Type,Residual,Duration
81199.968,Axis #3,ERROR,6.340582194329417,5
81202.968,Axis #1,ALERT,4.225423343188484,5
81204.968,Axis #3,ERROR,6.198379259049453,5
81206.968,Axis #1,ERROR,7.20017279766744,5
81209.968,Axis #3,ERROR,5.82534198383844,5
81214.968,Axis #3,ERROR,6.3032060297927215,5
81219.968,Axis #3,ERROR,5.955840652728369,5
81224.968,Axis #3,ERROR,6.158629283046575,5
81229.968,Axis #1,ALERT,5.312963547694219,5
81229.968,Axis #3,ERROR,7.110453061061716,5
81234.968,Axis #3,ERROR,5.756002710736744,5
81239.968,Axis #3,ERROR,4.851811441165309,5
81243.968,Axis #1,ALERT,4.678581001282602,5
81244.968,Axis #3,ERROR,6.754934275619691,5
